{
  "variants": {
    "type=bottom": [{"model": "minecraft:block/brick_slab"},{"model": "minecraft:block/brick_slab_1"},{"model": "minecraft:block/brick_slab_2"},{"model": "minecraft:block/brick_slab_3"},{"model": "minecraft:block/brick_slab_4"},{"model": "minecraft:block/brick_slab_5"},{"model": "minecraft:block/brick_slab_6"},{"model": "minecraft:block/brick_slab_7"},{"model": "minecraft:block/brick_slab_8"}],
    "type=double": [{"model": "minecraft:block/bricks"},{"model": "minecraft:block/bricks_1"},{"model": "minecraft:block/bricks_2"},{"model": "minecraft:block/bricks_3"},{"model": "minecraft:block/bricks_4"},{"model": "minecraft:block/bricks_5"},{"model": "minecraft:block/bricks_6"},{"model": "minecraft:block/bricks_7"},{"model": "minecraft:block/bricks_8"}],
    "type=top": [{"model": "minecraft:block/brick_slab_top"},{"model": "minecraft:block/brick_slab_top_1"},{"model": "minecraft:block/brick_slab_top_2"},{"model": "minecraft:block/brick_slab_top_3"},{"model": "minecraft:block/brick_slab_top_4"},{"model": "minecraft:block/brick_slab_top_5"},{"model": "minecraft:block/brick_slab_top_6"},{"model": "minecraft:block/brick_slab_top_7"},{"model": "minecraft:block/brick_slab_top_8"}]
  }
}