{"providers":[
		{
			"type": "bitmap",
			"file": "minecraft:pics/builder.png",
			"height": 9,
			"ascent": 9,
			"chars": [
				"😉"
			]
		},
		{
			"type": "bitmap",
			"file": "minecraft:pics/dev.png",
			"height": 9,
			"ascent": 9,
			"chars": [
				"😁"
			]
		},
		{
			"type": "bitmap",
			"file": "minecraft:pics/mod.png",
			"height": 9,
			"ascent": 9,
			"chars": [
				"😂"
			]
		},
		{
			"type": "bitmap",
			"file": "minecraft:pics/patreon.png",
			"height": 9,
			"ascent": 9,
			"chars": [
				"🤣"
			]
		},
		{
			"type": "bitmap",
			"file": "minecraft:pics/player.png",
			"height": 9,
			"ascent": 9,
			"chars": [
				"😃"
			]
		},
		{
			"type": "bitmap",
			"file": "minecraft:pics/vip.png",
			"height": 9,
			"ascent": 9,
			"chars": [
				"😄"
			]
		}

]
}